{
  "About Us Page" : {
    "transaction" : "About Us Page",
    "sampleCount" : 1,
    "errorCount" : 0,
    "errorPct" : 0.0,
    "meanResTime" : 2871.0,
    "medianResTime" : 2871.0,
    "minResTime" : 2871.0,
    "maxResTime" : 2871.0,
    "pct1ResTime" : 2871.0,
    "pct2ResTime" : 2871.0,
    "pct3ResTime" : 2871.0,
    "throughput" : 0.34831069313827934,
    "receivedKBytesPerSec" : 30.01730668756531,
    "sentKBytesPerSec" : 0.0874178204458377
  },
  "Service Page-1" : {
    "transaction" : "Service Page-1",
    "sampleCount" : 1,
    "errorCount" : 0,
    "errorPct" : 0.0,
    "meanResTime" : 1193.0,
    "medianResTime" : 1193.0,
    "minResTime" : 1193.0,
    "maxResTime" : 1193.0,
    "pct1ResTime" : 1193.0,
    "pct2ResTime" : 1193.0,
    "pct3ResTime" : 1193.0,
    "throughput" : 0.8382229673093042,
    "receivedKBytesPerSec" : 71.65414789396479,
    "sentKBytesPerSec" : 0.10314071668063704
  },
  "Contact Page" : {
    "transaction" : "Contact Page",
    "sampleCount" : 5,
    "errorCount" : 0,
    "errorPct" : 0.0,
    "meanResTime" : 2332.4,
    "medianResTime" : 2352.0,
    "minResTime" : 2252.0,
    "maxResTime" : 2353.0,
    "pct1ResTime" : 2353.0,
    "pct2ResTime" : 2353.0,
    "pct3ResTime" : 2353.0,
    "throughput" : 0.42844901456726653,
    "receivedKBytesPerSec" : 30.595611075407028,
    "sentKBytesPerSec" : 0.10669384640102827
  },
  "Home Page-1" : {
    "transaction" : "Home Page-1",
    "sampleCount" : 10,
    "errorCount" : 0,
    "errorPct" : 0.0,
    "meanResTime" : 2419.0,
    "medianResTime" : 2308.5,
    "minResTime" : 2047.0,
    "maxResTime" : 2977.0,
    "pct1ResTime" : 2976.3,
    "pct2ResTime" : 2977.0,
    "pct3ResTime" : 2977.0,
    "throughput" : 0.32337343163885657,
    "receivedKBytesPerSec" : 41.79172123593326,
    "sentKBytesPerSec" : 0.037263735286508864
  },
  "Service Page-0" : {
    "transaction" : "Service Page-0",
    "sampleCount" : 1,
    "errorCount" : 0,
    "errorPct" : 0.0,
    "meanResTime" : 672.0,
    "medianResTime" : 672.0,
    "minResTime" : 672.0,
    "maxResTime" : 672.0,
    "pct1ResTime" : 672.0,
    "pct2ResTime" : 672.0,
    "pct3ResTime" : 672.0,
    "throughput" : 1.488095238095238,
    "receivedKBytesPerSec" : 0.5158923921130952,
    "sentKBytesPerSec" : 0.18746512276785712
  },
  "Service Page" : {
    "transaction" : "Service Page",
    "sampleCount" : 1,
    "errorCount" : 0,
    "errorPct" : 0.0,
    "meanResTime" : 1865.0,
    "medianResTime" : 1865.0,
    "minResTime" : 1865.0,
    "maxResTime" : 1865.0,
    "pct1ResTime" : 1865.0,
    "pct2ResTime" : 1865.0,
    "pct3ResTime" : 1865.0,
    "throughput" : 0.5361930294906166,
    "receivedKBytesPerSec" : 46.02148961126005,
    "sentKBytesPerSec" : 0.13352463136729223
  },
  "Portfolio Page-0" : {
    "transaction" : "Portfolio Page-0",
    "sampleCount" : 1,
    "errorCount" : 0,
    "errorPct" : 0.0,
    "meanResTime" : 789.0,
    "medianResTime" : 789.0,
    "minResTime" : 789.0,
    "maxResTime" : 789.0,
    "pct1ResTime" : 789.0,
    "pct2ResTime" : 789.0,
    "pct3ResTime" : 789.0,
    "throughput" : 1.2674271229404308,
    "receivedKBytesPerSec" : 0.44186668250950567,
    "sentKBytesPerSec" : 0.1621415557667934
  },
  "Contact Page-1" : {
    "transaction" : "Contact Page-1",
    "sampleCount" : 5,
    "errorCount" : 0,
    "errorPct" : 0.0,
    "meanResTime" : 1597.6,
    "medianResTime" : 1638.0,
    "minResTime" : 1536.0,
    "maxResTime" : 1639.0,
    "pct1ResTime" : 1639.0,
    "pct2ResTime" : 1639.0,
    "pct3ResTime" : 1639.0,
    "throughput" : 0.46070211001566386,
    "receivedKBytesPerSec" : 32.739093597392426,
    "sentKBytesPerSec" : 0.05668795494333364
  },
  "Home Page-0" : {
    "transaction" : "Home Page-0",
    "sampleCount" : 10,
    "errorCount" : 0,
    "errorPct" : 0.0,
    "meanResTime" : 788.4,
    "medianResTime" : 716.0,
    "minResTime" : 707.0,
    "maxResTime" : 1162.0,
    "pct1ResTime" : 1127.6000000000001,
    "pct2ResTime" : 1162.0,
    "pct3ResTime" : 1162.0,
    "throughput" : 0.33288948069241014,
    "receivedKBytesPerSec" : 0.11400814538948069,
    "sentKBytesPerSec" : 0.039660660785619174
  },
  "Portfolio Page-1" : {
    "transaction" : "Portfolio Page-1",
    "sampleCount" : 1,
    "errorCount" : 0,
    "errorPct" : 0.0,
    "meanResTime" : 1155.0,
    "medianResTime" : 1155.0,
    "minResTime" : 1155.0,
    "maxResTime" : 1155.0,
    "pct1ResTime" : 1155.0,
    "pct2ResTime" : 1155.0,
    "pct3ResTime" : 1155.0,
    "throughput" : 0.8658008658008658,
    "receivedKBytesPerSec" : 62.235355790043286,
    "sentKBytesPerSec" : 0.10822510822510822
  },
  "Contact Page-0" : {
    "transaction" : "Contact Page-0",
    "sampleCount" : 5,
    "errorCount" : 0,
    "errorPct" : 0.0,
    "meanResTime" : 735.0,
    "medianResTime" : 715.0,
    "minResTime" : 713.0,
    "maxResTime" : 817.0,
    "pct1ResTime" : 817.0,
    "pct2ResTime" : 817.0,
    "pct3ResTime" : 817.0,
    "throughput" : 0.4984051036682615,
    "receivedKBytesPerSec" : 0.17278692558811803,
    "sentKBytesPerSec" : 0.06278736169258373
  },
  "Portfolio Page" : {
    "transaction" : "Portfolio Page",
    "sampleCount" : 1,
    "errorCount" : 0,
    "errorPct" : 0.0,
    "meanResTime" : 1944.0,
    "medianResTime" : 1944.0,
    "minResTime" : 1944.0,
    "maxResTime" : 1944.0,
    "pct1ResTime" : 1944.0,
    "pct2ResTime" : 1944.0,
    "pct3ResTime" : 1944.0,
    "throughput" : 0.51440329218107,
    "receivedKBytesPerSec" : 37.1555909207819,
    "sentKBytesPerSec" : 0.13010786394032922
  },
  "Blog Page" : {
    "transaction" : "Blog Page",
    "sampleCount" : 1,
    "errorCount" : 0,
    "errorPct" : 0.0,
    "meanResTime" : 2226.0,
    "medianResTime" : 2226.0,
    "minResTime" : 2226.0,
    "maxResTime" : 2226.0,
    "pct1ResTime" : 2226.0,
    "pct2ResTime" : 2226.0,
    "pct3ResTime" : 2226.0,
    "throughput" : 0.44923629829290207,
    "receivedKBytesPerSec" : 35.16502414645103,
    "sentKBytesPerSec" : 0.1136251965408805
  },
  "Total" : {
    "transaction" : "Total",
    "sampleCount" : 57,
    "errorCount" : 0,
    "errorPct" : 0.0,
    "meanResTime" : 1847.1052631578946,
    "medianResTime" : 1944.0,
    "minResTime" : 672.0,
    "maxResTime" : 3932.0,
    "pct1ResTime" : 3016.0000000000005,
    "pct2ResTime" : 3685.9,
    "pct3ResTime" : 3932.0,
    "throughput" : 1.0822305340902618,
    "receivedKBytesPerSec" : 75.0103609927092,
    "sentKBytesPerSec" : 0.17447555725379257
  },
  "Blog Page-1" : {
    "transaction" : "Blog Page-1",
    "sampleCount" : 1,
    "errorCount" : 0,
    "errorPct" : 0.0,
    "meanResTime" : 1538.0,
    "medianResTime" : 1538.0,
    "minResTime" : 1538.0,
    "maxResTime" : 1538.0,
    "pct1ResTime" : 1538.0,
    "pct2ResTime" : 1538.0,
    "pct3ResTime" : 1538.0,
    "throughput" : 0.6501950585175553,
    "receivedKBytesPerSec" : 50.66886276820546,
    "sentKBytesPerSec" : 0.0812743823146944
  },
  "Blog Page-0" : {
    "transaction" : "Blog Page-0",
    "sampleCount" : 1,
    "errorCount" : 0,
    "errorPct" : 0.0,
    "meanResTime" : 688.0,
    "medianResTime" : 688.0,
    "minResTime" : 688.0,
    "maxResTime" : 688.0,
    "pct1ResTime" : 688.0,
    "pct2ResTime" : 688.0,
    "pct3ResTime" : 688.0,
    "throughput" : 1.4534883720930232,
    "receivedKBytesPerSec" : 0.5067337390988372,
    "sentKBytesPerSec" : 0.1859443132267442
  },
  "Home Page" : {
    "transaction" : "Home Page",
    "sampleCount" : 10,
    "errorCount" : 0,
    "errorPct" : 0.0,
    "meanResTime" : 3207.4999999999995,
    "medianResTime" : 3019.0,
    "minResTime" : 2757.0,
    "maxResTime" : 3932.0,
    "pct1ResTime" : 3908.2000000000003,
    "pct2ResTime" : 3932.0,
    "pct3ResTime" : 3932.0,
    "throughput" : 0.31165269423754166,