{
  "Login Page-0" : {
    "transaction" : "Login Page-0",
    "sampleCount" : 2,
    "errorCount" : 0,
    "errorPct" : 0.0,
    "meanResTime" : 368.0,
    "medianResTime" : 368.0,
    "minResTime" : 269.0,
    "maxResTime" : 467.0,
    "pct1ResTime" : 467.0,
    "pct2ResTime" : 467.0,
    "pct3ResTime" : 467.0,
    "throughput" : 1.0515247108307044,
    "receivedKBytesPerSec" : 0.23002103049421663,
    "sentKBytesPerSec" : 0.1232255520504732
  },
  "Login Page-1" : {
    "transaction" : "Login Page-1",
    "sampleCount" : 2,
    "errorCount" : 0,
    "errorPct" : 0.0,
    "meanResTime" : 433.0,
    "medianResTime" : 433.0,
    "minResTime" : 355.0,
    "maxResTime" : 511.0,
    "pct1ResTime" : 511.0,
    "pct2ResTime" : 511.0,
    "pct3ResTime" : 511.0,
    "throughput" : 1.1173184357541899,
    "receivedKBytesPerSec" : 6.2750960195530725,
    "sentKBytesPerSec" : 0.13093575418994413
  },
  "Total" : {
    "transaction" : "Total",
    "sampleCount" : 12,
    "errorCount" : 0,
    "errorPct" : 0.0,
    "meanResTime" : 480.50000000000006,
    "medianResTime" : 417.5,
    "minResTime" : 264.0,
    "maxResTime" : 979.0,
    "pct1ResTime" : 880.6000000000004,
    "pct2ResTime" : 979.0,
    "pct3ResTime" : 979.0,
    "throughput" : 4.156563907170073,
    "receivedKBytesPerSec" : 15.893580057152754,
    "sentKBytesPerSec" : 0.6467570142015934
  },
  "Login Page" : {
    "transaction" : "Login Page",
    "sampleCount" : 2,
    "errorCount" : 0,
    "errorPct" : 0.0,
    "meanResTime" : 802.0,
    "medianResTime" : 802.0,
    "minResTime" : 625.0,
    "maxResTime" : 979.0,
    "pct1ResTime" : 979.0,
    "pct2ResTime" : 979.0,
    "pct3ResTime" : 979.0,
    "throughput" : 0.8857395925597874,
    "receivedKBytesPerSec" : 5.1682559233835255,
    "sentKBytesPerSec" : 0.20759521700620018
  },
  "Flight Booking Page" : {
    "transaction" : "Flight Booking Page",
    "sampleCount" : 1,
    "errorCount" : 0,
    "errorPct" : 0.0,
    "meanResTime" : 629.0,
    "medianResTime" : 629.0,
    "minResTime" : 629.0,
    "maxResTime" : 629.0,
    "pct1ResTime" : 629.0,
    "pct2ResTime" : 629.0,
    "pct3ResTime" : 629.0,
    "throughput" : 1.589825119236884,
    "receivedKBytesPerSec" : 7.725556438791733,
    "sentKBytesPerSec" : 0.357089626391097
  },
  "Flight Booking Page-1" : {
    "transaction" : "Flight Booking Page-1",
    "sampleCount" : 1,
    "errorCount" : 0,
    "errorPct" : 0.0,
    "meanResTime" : 365.0,
    "medianResTime" : 365.0,
    "minResTime" : 365.0,
    "maxResTime" : 365.0,
    "pct1ResTime" : 365.0,
    "pct2ResTime" : 365.0,
    "pct3ResTime" : 365.0,
    "throughput" : 2.73972602739726,
    "receivedKBytesPerSec" : 12.727418664383562,
    "sentKBytesPerSec" : 0.3076840753424658
  },
  "Flight Booking Page-0" : {
    "transaction" : "Flight Booking Page-0",
    "sampleCount" : 1,
    "errorCount" : 0,
    "errorPct" : 0.0,
    "meanResTime" : 264.0,
    "medianResTime" : 264.0,
    "minResTime" : 264.0,
    "maxResTime" : 264.0,
    "pct1ResTime" : 264.0,
    "pct2ResTime" : 264.0,
    "pct3ResTime" : 264.0,
    "throughput" : 3.787878787878788,
    "receivedKBytesPerSec" : 0.8101029829545454,
    "sentKBytesPerSec" : 0.425396543560606
  },
  "Registration Page" : {
    "transaction" : "Registration Page",
    "sampleCount" : 1,
    "errorCount" : 0,
    "errorPct" : 0.0,
    "meanResTime" : 651.0,
    "medianResTime" : 651.0,
    "minResTime" : 651.0,
    "maxResTime" : 651.0,
    "pct1ResTime" : 651.0,
    "pct2ResTime" : 651.0,
    "pct3ResTime" : 651.0,
    "throughput" : 1.5360983102918586,
    "receivedKBytesPerSec" : 9.85113047235023,
    "sentKBytesPerSec" : 0.36902361751152074
  },
  "Registration Page-1" : {
    "transaction" : "Registration Page-1",
    "sampleCount" : 1,
    "errorCount" : 0,
    "errorPct" : 0.0,
    "meanResTime" : 368.0,
    "medianResTime" : 368.0,
    "minResTime" : 368.0,
    "maxResTime" : 368.0,
    "pct1ResTime" : 368.0,
    "pct2ResTime" : 368.0,
    "pct3ResTime" : 368.0,
    "throughput" : 2.717391304347826,
    "receivedKBytesPerSec" : 16.82447350543478,
    "sentKBytesPerSec" : 0.3264054008152174
  },
  "Registration Page-0" : {
    "transaction" : "Registration Page-0",
    "sampleCount" : 1,
    "errorCount" : 0,
    "errorPct" : 0.0,
    "meanResTime" : 283.0,
    "medianResTime" : 283.0,
    "minResTime" : 283.0,
    "maxResTime" : 283.0,
    "pct1ResTime" : 283.0,
    "pct2ResTime" : 283.0,
    "pct3ResTime" : 283.0,
    "throughput" : 3.5335689045936394,
    "receivedKBytesPerSec" : 0.7833204505300354,
    "sentKBytesPerSec" : 0.42444235865724383
  }
}