{
  "HTTP Request-1" : {
    "transaction" : "HTTP Request-1",
    "sampleCount" : 24,
    "errorCount" : 4,
    "errorPct" : 16.666666,
    "meanResTime" : 6552.458333333334,
    "medianResTime" : 7643.5,
    "minResTime" : 624.0,
    "maxResTime" : 8461.0,
    "pct1ResTime" : 8403.5,
    "pct2ResTime" : 8446.75,
    "pct3ResTime" : 8461.0,
    "throughput" : 1.602029237033576,
    "receivedKBytesPerSec" : 172.70326267438756,
    "sentKBytesPerSec" : 0.18460883786129098
  },
  "Total" : {
    "transaction" : "Total",
    "sampleCount" : 78,
    "errorCount" : 14,
    "errorPct" : 17.948717,
    "meanResTime" : 6661.397435897435,
    "medianResTime" : 6796.5,
    "minResTime" : 429.0,
    "maxResTime" : 14459.0,
    "pct1ResTime" : 13147.4,
    "pct2ResTime" : 14317.95,
    "pct3ResTime" : 14459.0,
    "throughput" : 4.605845881310895,
    "receivedKBytesPerSec" : 306.77302461617955,
    "sentKBytesPerSec" : 0.706515721877768
  },
  "HTTP Request-0" : {
    "transaction" : "HTTP Request-0",
    "sampleCount" : 24,
    "errorCount" : 0,
    "errorPct" : 0.0,
    "meanResTime" : 4214.916666666668,
    "medianResTime" : 4270.0,
    "minResTime" : 1846.0,
    "maxResTime" : 6458.0,
    "pct1ResTime" : 6155.5,
    "pct2ResTime" : 6407.5,
    "pct3ResTime" : 6458.0,
    "throughput" : 2.6785714285714284,
    "receivedKBytesPerSec" : 0.9809221540178571,
    "sentKBytesPerSec" : 0.31912667410714285
  },
  "HTTP Request" : {
    "transaction" : "HTTP Request",
    "sampleCount" : 30,
    "errorCount" : 10,
    "errorPct" : 33.333332,
    "meanResTime" : 8705.733333333334,
    "medianResTime" : 10707.5,
    "minResTime" : 429.0,
    "maxResTime" : 14459.0,
    "pct1ResTime" : 14334.1,
    "pct2ResTime" : 14444.7,
    "pct3ResTime" : 14459.0,
    "throughput" : 1.7714791851195748,
    "receivedKBytesPerSec" : 153.47768120755833,
    "sentKBytesPerSec" : 0.3743633746678477
  }
}