{
  "HTTP Request - 2-1" : {
    "transaction" : "HTTP Request - 2-1",
    "sampleCount" : 24,
    "errorCount" : 1,
    "errorPct" : 4.1666665,
    "meanResTime" : 2242.1249999999995,
    "medianResTime" : 1986.5,
    "minResTime" : 2.0,
    "maxResTime" : 5428.0,
    "pct1ResTime" : 4096.0,
    "pct2ResTime" : 5307.25,
    "pct3ResTime" : 5428.0,
    "throughput" : 0.4662004662004662,
    "receivedKBytesPerSec" : 57.787516845134036,
    "sentKBytesPerSec" : 0.051483889374514376
  },
  "HTTP Request - 1-1" : {
    "transaction" : "HTTP Request - 1-1",
    "sampleCount" : 25,
    "errorCount" : 0,
    "errorPct" : 0.0,
    "meanResTime" : 4065.68,
    "medianResTime" : 3130.0,
    "minResTime" : 2384.0,
    "maxResTime" : 11621.0,
    "pct1ResTime" : 7477.2,
    "pct2ResTime" : 10382.899999999998,
    "pct3ResTime" : 11621.0,
    "throughput" : 0.4879381684752908,
    "receivedKBytesPerSec" : 63.07077329660786,
    "sentKBytesPerSec" : 0.05622724988289484
  },
  "HTTP Request - 2-0" : {
    "transaction" : "HTTP Request - 2-0",
    "sampleCount" : 24,
    "errorCount" : 0,
    "errorPct" : 0.0,
    "meanResTime" : 1012.2916666666667,
    "medianResTime" : 921.0,
    "minResTime" : 654.0,
    "maxResTime" : 1832.0,
    "pct1ResTime" : 1590.5,
    "pct2ResTime" : 1811.5,
    "pct3ResTime" : 1832.0,
    "throughput" : 0.48615471873923877,
    "receivedKBytesPerSec" : 0.16788717032633135,
    "sentKBytesPerSec" : 0.05792077703729212
  },
  "HTTP Request - 1-0" : {
    "transaction" : "HTTP Request - 1-0",
    "sampleCount" : 25,
    "errorCount" : 0,
    "errorPct" : 0.0,
    "meanResTime" : 1452.12,
    "medianResTime" : 1266.0,
    "minResTime" : 1012.0,
    "maxResTime" : 3658.0,
    "pct1ResTime" : 2207.4000000000005,
    "pct2ResTime" : 3250.899999999999,
    "pct3ResTime" : 3658.0,
    "throughput" : 0.5067909993918508,
    "receivedKBytesPerSec" : 0.18559240700385163,
    "sentKBytesPerSec" : 0.06037939641191973
  },
  "HTTP Request - 1" : {
    "transaction" : "HTTP Request - 1",
    "sampleCount" : 25,
    "errorCount" : 0,
    "errorPct" : 0.0,
    "meanResTime" : 5518.84,
    "medianResTime" : 4626.0,
    "minResTime" : 3537.0,
    "maxResTime" : 12859.0,
    "pct1ResTime" : 8997.0,
    "pct2ResTime" : 11721.999999999996,
    "pct3ResTime" : 12859.0,
    "throughput" : 0.4775093114315729,
    "receivedKBytesPerSec" : 61.89761081200459,
    "sentKBytesPerSec" : 0.11191624486677491
  },
  "HTTP Request - 2" : {
    "transaction" : "HTTP Request - 2",
    "sampleCount" : 25,
    "errorCount" : 2,
    "errorPct" : 8.0,
    "meanResTime" : 9642.960000000001,
    "medianResTime" : 3116.0,
    "minResTime" : 1297.0,
    "maxResTime" : 162962.0,
    "pct1ResTime" : 5939.400000000001,
    "pct2ResTime" : 115912.99999999988,
    "pct3ResTime" : 162962.0,
    "throughput" : 0.14872630789915167,
    "receivedKBytesPerSec" : 17.763283443713043,
    "sentKBytesPerSec" : 0.03277788395183647
  },
  "Total" : {
    "transaction" : "Total",
    "sampleCount" : 148,
    "errorCount" : 3,
    "errorPct" : 2.0270271,
    "meanResTime" : 4020.918918918919,
    "medianResTime" : 2507.0,
    "minResTime" : 2.0,
    "maxResTime" : 162962.0,
    "pct1ResTime" : 5743.5,
    "pct2ResTime" : 7491.3,
    "pct3ResTime" : 89411.52999999863,
    "throughput" : 0.8616574096715223,
    "receivedKBytesPerSec" : 72.48628712076885,
    "sentKBytesPerSec" : 0.13238249001525365
  }
}